"Abborfors, Strömfors";"";"";"60.499616";"26.480808";"Suomi";"1"
"Ajosenpää, Masku";"";"";"60.544705";"22.006174";"Suomi";"1"
"Akersborg";"Slott";"";"59.907561";"10.73708";"Ruotsi";"1"
"Almarestäket";"Slott";"";"59.468356";"17.781916";"Ruotsi";"4"
"Alsnö";"";"";"59.360833";"17.535";"Ruotsi";"2"
"Alvastra";"";"";"58.29685";"14.65724";"Ruotsi";"1"
"Alvettula, Hauho";"";"";"61.200188";"24.484477";"Suomi";"1"
"Anagni";"";"";"41.745324";"13.151364";"Italia";"9"
"Antikais, Lemo";"";"";"60.576464";"21.886068";"Suomi";"1"
"Arboga";"";"";"59.393688";"15.838175";"Ruotsi";"15"
"Arnö";"Gård";"";"59.663074";"17.489006";"Ruotsi";"6"
"Arnö";"";"";"59.669256";"17.495113";"Ruotsi";"4"
"Asikkala";"";"";"61.215511";"25.491732";"Suomi";"4"
"Askeby";"";"";"58.407895";"15.849987";"Ruotsi";"1"
"Aspenäs, Östervåla";"Gård";"";"60.1821";"17.3193";"Ruotsi";"2"
"Aspösund";"";"";"";"";"Suomi";"1"
"Auvais, Rusko";"";"";"60.568389";"22.347043";"Suomi";"1"
"Avignon";"";"";"43.949317";"4.805528";"Ranska";"96"
"Axelsgård";"";"";"";"";"Suomi";"1"
"Axevalla";"Slott";"";"58.393383";"13.602783";"Ruotsi";"1"
"Basel";"";"";"47.559599";"7.588576";"Sveitsi";"1"
"Bastö";"Gård";"";"60.32055";"19.863982";"Suomi";"1"
"Bergen";"";"";"60.391263";"5.322054";"Norja";"1"
"Bergsätra";"Gård";"";"";"";"Ruotsi";"1"
"Birkala";"";"";"61.465278";"23.643056";"Suomi";"4"
"Bjärnå";"Kyrka";"";"60.202789";"23.127245";"Suomi";"4"
"Björnö";"";"";"";"";"Ruotsi";"1"
"Bohus";"";"";"57.861942";"11.999443";"Ruotsi";"1"
"Bollstad, Pojo";"";"";"60.108845";"23.531532";"Suomi";"1"
"Bologna";"";"";"44.494887";"11.342616";"Italia";"1"
"Bolstaholm, Geta";"";"";"60.353433";"19.875513";"Suomi";"1"
"Borgby, Borgå";"";"";"60.405888";"25.309893";"Suomi";"1"
"Borgholm";"Slott";"";"56.87054";"16.64346";"Ruotsi";"3"
"Borgå";"Socken";"";"60.395563";"25.657634";"Suomi";"1"
"Borgå";"";"";"60.395563";"25.657634";"Suomi";"32"
"Brygge";"";"";"51.209348";"3.224699";"Belgia";"1"
"Burtneck";"";"Burtnieki";"57.694722";"25.275";"Latvia";"1"
"Bäckby, Närpes";"";"";"62.45495";"21.311144";"Suomi";"1"
"Bälinge";"";"";"59.948819";"17.533221";"Ruotsi";"1"
"Bärmö";"Gård";"";"59.647565";"17.639912";"Ruotsi";"1"
"Cēsis";"Slott";"Wenden";"57.3138";"25.268769";"Latvia";"1"
"Cēsis";"";"Wenden";"57.316667";"25.266667";"Saksa";"12"
"Civitavecchia";"";"Civitas Vetula";"42.1";"11.8";"Italia";"1"
"Dalkarby, Pojo";"";"";"60.082594";"23.501787";"Suomi";"1"
"Dalum";"";"";"57.898863";"13.466432";"Ruotsi";"1"
"Daugavgrīva, Riga";"";"Dünamünde";"57.033333";"24";"Latvia";"1"
"Digerviksholm";"";"";"62.920537";"21.423042";"Suomi";"1"
"Djulö, Södermanland";"Gård";"Djula";"58.971519";"16.215129";"Ruotsi";"2"
"Djupvik";"";"";"";"";"Ruotsi";"1"
"Dävensösund";"";"";"59.443889";"17.595833";"Ruotsi";"1"
"Eckerö";"";"";"60.223162";"19.559537";"Suomi";"3"
"Ekesjö";"";"";"59";"15.816667";"Ruotsi";"1"
"Ekholmen, Uppland";"";"";"59.513056";"17.37416";"Ruotsi";"2"
"Eknön, Stegeborg";"";"Eknön";"58.417401";"16.67711";"Ruotsi";"1"
"Enköping";"";"";"59.635691";"17.077823";"Ruotsi";"5"
"Esbo";"";"";"60.205491";"24.6559";"Suomi";"7"
"Eura";"Kyrkby";"";"61.12958";"22.130956";"Suomi";"1"
"Eura";"";"";"61.12958";"22.130956";"Suomi";"2"
"Eurakoski, Eura";"";"";"61.207244";"22.08361";"Suomi";"1"
"Euraåminne";"";"";"61.202356";"21.733984";"Suomi";"1"
"Faenza";"Stad";"";"44.283333";"11.883333";"Italia";"3"
"Fastaby, Tenala";"";"Fastaby";"60.076688";"23.31857";"Suomi";"1"
"Ferentino";"";"";"41.695679";"13.257729";"Italia";"1"
"Finland";"";"";"61.516466";"25.424013";"Suomi";"1"
"Finsta";"Gård";"";"59.738925";"18.493119";"Ruotsi";"1"
"Finström";"Kyrka";"";"60.263494";"19.930752";"Suomi";"4"
"Finström";"";"";"60.229913";"19.988053";"Suomi";"4"
"Flensburg";"";"Flensborg";"54.793743";"9.446996";"Saksa";"2"
"Florens";"";"Firenze";"43.76956";"11.255814";"Italia";"6"
"Fogdö";"";"";"60.133333";"18.766667";"Ruotsi";"1"
"Främby, Falun";"";"";"60.586847";"15.631896";"Ruotsi";"1"
"Frödavi";"";"Frövi ";"59.740408";"17.418008";"Ruotsi";"1"
"Fundbo";"";"";"59.855833";"17.855278";"Ruotsi";"1"
"Färingsö";"";"";"59.367244";"17.695957";"Ruotsi";"2"
"Färnebo";"";"Fernebo";"59.711083";"14.171972";"Ruotsi";"1"
"Föglö";"";"";"60.014608";"20.41394";"Suomi";"1"
"Gaeta";"";"";"41.21073";"13.571428";"Italia";"1"
"Garpenberg";"";"";"60.313009";"16.188041";"Ruotsi";"1"
"Gdansk";"";"Danzig";"54.351944";"18.646667";"Puola";"37"
"Gennarby, Tenala";"";"";"60.040545";"23.344326";"Suomi";"2"
"Genua";"";"Genova";"44.40565";"8.946256";"Italia";"3"
"Gesterby, Sund";"";"";"60.248307";"20.080084";"Suomi";"1"
"Gotland";"";"";"57.468412";"18.486745";"Ruotsi";"1"
"Grabbakka, Karis";"";"";"60.052917";"23.699233";"Suomi";"1"
"Graz";"";"Grätz";"47.071068";"15.438121";"Itävalta";"1"
"Greifswald";"";"";"54.086546";"13.392341";"Saksa";"1"
"Gripsholm";"Slott";"";"59.25596";"17.219151";"Ruotsi";"2"
"Groseau";"";"Grausellum";"44.16833";"5.14333";"Ranska";"1"
"Grottaferrata";"Kloster";"";"41.788333";"12.671667";"Italia";"2"
"Grudziądz";"";"Graudenz";"53.483749";"18.753565";"Puola";"1"
"Gränna";"Kyrka";"";"58.020278";"14.465278";"Ruotsi";"1"
"Grönskog";"";"";"56.867081";"16.733341";"Ruotsi";"1"
"Gurre";"Slott";"";"56.019448";"12.505144";"Tanska";"1"
"Gyllstugu, Villilä";"";"";"61.361494";"22.000845";"Suomi";"1"
"Haapais, Virmo";"";"";"60.720517";"22.066134";"Suomi";"1"
"Hadvala, Pikis";"";"";"60.427059";"22.505042";"Suomi";"1"
"Haga, S:t Karin";"";"";"60.484139";"22.361235";"Suomi";"3"
"Hahkiala, Hauho";"By";"";"61.146309";"24.588211";"Suomi";"1"
"Haistila, Ulvsby";"";"";"61.408429";"21.919137";"Suomi";"2"
"Halikko";"Kyrka";"";"60.399843";"23.072281";"Suomi";"1"
"Halikko";"";"";"60.397278";"23.077813";"Suomi";"5"
"Hallis, Räntämäki";"";"";"60.461702";"22.305131";"Suomi";"2"
"Halmstad";"";"";"56.674375";"12.857788";"Saksa";"5"
"Hamburg";"";"";"53.551085";"9.993682";"Saksa";"1"
"Hamnskär";"";"";"";"";"";"1"
"Hapsal";"";"Haapsalu";"58.95";"23.533333";"Viro";"3"
"Harviala, Vånå";"";"";"60.958933";"24.588766";"Suomi";"1"
"Hattula";"";"";"61.054972";"24.37213";"Suomi";"3"
"Hauho";"";"";"61.171608";"24.563351";"Suomi";"4"
"Heimos, Karis";"";"";"60.121324";"23.70439";"Suomi";"1"
"Heinu, Kalvola";"By";"";"61.095825";"24.216924";"Suomi";"1"
"Helme";"";"";"58.014802";"25.882866";"Viro";"1"
"Helsingborg";"Slott";"";"56.048317";"12.69748";"Ruotsi";"4"
"Helsingborg";"";"";"56.046467";"12.694512";"Ruotsi";"11"
"Helsinge";"Socken";"";"60.283627";"24.983096";"Suomi";"1"
"Helsinge";"";"";"60.283627";"24.983096";"Suomi";"12"
"Helsingör";"";"Helsingør";"56.030787";"12.592127";"Tanska";"1"
"Hermula, Vemo";"";"";"60.669691";"21.59986";"Suomi";"1"
"Hjortnäs";"";"";"60.796523";"14.973143";"Ruotsi";"1"
"Hollola";"";"";"60.988701";"25.516323";"Suomi";"3"
"Horsens";"";"";"55.85813";"9.847588";"Tanska";"1"
"Huhtis, Euraåminne";"";"";"61.257796";"21.822031";"Suomi";"1"
"Huittula, Sääksmäki";"";"";"61.196093";"24.095491";"Suomi";"1"
"Hujala";"";"";"60.545861";"22.012763";"Suomi";"1"
"Husby Trögd";"";"";"59.522874";"17.273856";"Ruotsi";"1"
"Huukais, Vemo";"";"";"60.66387";"21.774482";"Suomi";"2"
"Hyhky, Birkala";"";"";"61.505359";"23.690597";"Suomi";"2"
"Hyhynkylä, Birkala";"";"";"61.505359";"23.690597";"Suomi";"1"
"Högsby, Småland";"";"";"57.172604";"16.020619";"Ruotsi";"1"
"Idö";"";"";"";"";"";"1"
"Ijo";"";"";"65.317441";"25.37346";"Suomi";"3"
"Ilmola";"";"";"62.731944";"22.580556";"Suomi";"1"
"Ingå";"";"";"60.045875";"24.004575";"Suomi";"25"
"Isokorpi, Hinnerjoki";"";"";"60.994608";"21.939648";"Suomi";"1"
"Isokorpi, Lappi";"";"";"62.923534";"23.252801";"Suomi";"1"
"Janakkala";"";"";"60.920125";"24.646002";"Suomi";"4"
"Jomala";"";"";"60.152217";"19.948617";"Suomi";"2"
"Jungfrusund";"";"";"59.277556";"17.843045";"Ruotsi";"5"
"Jutikkala, Sääksmäki";"";"";"61.151117";"24.046139";"Suomi";"1"
"Jäskis";"";"Lesogorsk";"61.038947";"28.92329";"Suomi";"1"
"Jönköping";"";"";"57.782614";"14.161788";"Ruotsi";"5"
"Kahloja, Lundo";"";"";"60.492078";"22.457935";"Suomi";"1"
"Kaipis, Vemo";"";"";"60.639003";"21.743197";"Suomi";"1"
"Kaitala, Lampis";"";"";"61.071446";"24.954646";"Suomi";"2"
"Kalais";"";"";"";"";"Suomi";"1"
"Kaland";"";"Nykyrko";"60.819265";"21.559992";"Suomi";"2"
"Kallela, Nykyrko";"Vik";"";"60.812314";"21.658741";"Suomi";"1"
"Kallela, Nykyrko";"";"";"60.812314";"21.658741";"Suomi";"1"
"Kalmar";"Slott";"";"56.658067";"16.355237";"Ruotsi";"2"
"Kalmar";"";"";"56.663445";"16.356779";"Ruotsi";"34"
"Kalmarsund";"";"";"56.591062";"16.330688";"Ruotsi";"1"
"Kalundborg";"";"";"55.681389";"11.084998";"Tanska";"1"
"Kampen";"";"";"52.557964";"5.914462";"Alankomaat";"1"
"Kangaris, Pikis";"By";"";"60.468272";"22.53826";"Suomi";"1"
"Kangasala";"";"";"61.463715";"24.071844";"Suomi";"9"
"Kankas, Masku";"";"";"60.558151";"22.095773";"Suomi";"1"
"Karis";"Kyrka";"";"60.082598";"23.692576";"Suomi";"1"
"Karis";"Prästgård";"";"60.083408";"23.696144";"Suomi";"1"
"Karis";"";"";"60.07139";"23.661911";"Suomi";"11"
"Karkku";"";"";"61.445771";"23.045054";"Suomi";"1"
"Kaskis, Mietois";"";"";"60.625786";"21.897522";"Suomi";"6"
"Kastelholm";"Slott";"";"60.232935";"20.080665";"Suomi";"2"
"Kastelholm";"";"";"60.238176";"20.083263";"Suomi";"29"
"Kataloinen, Lampis";"";"";"61.021166";"24.91598";"Suomi";"2"
"Kaukola, Letala";"By";"";"60.900872";"21.683227";"Suomi";"2"
"Kaunissaare";"Gård";"";"59.307222";"25.355278";"Viro";"2"
"Kay";"Gård";"Kaiu";"59.013611";"25.058056";"Viro";"1"
"Kemi";"";"";"65.735568";"24.565743";"Suomi";"1"
"Kexholm";"";"Priozersk";"61.035944";"30.112306";"Suomi";"1"
"Kierikkala, Vahto";"";"";"60.599163";"22.298167";"Suomi";"2"
"Kimito";"Socken";"";"60.164872";"22.727664";"Suomi";"1"
"Kimito";"";"";"60.164872";"22.727664";"Suomi";"7"
"Kivijärvi, Hinnerjoki";"";"";"60.96566";"21.884548";"Suomi";"1"
"Kjulo";"Gård";"";"61.123774";"22.344737";"Suomi";"3"
"Kohmala, Birkala";"";"";"61.458824";"23.451887";"Suomi";"1"
"Konstanz";"";"";"47.67795";"9.173238";"Saksa";"4"
"Konungsnäs";"";"";"59.367778";"17.748333";"Ruotsi";"3"
"Korois, S:t Marie";"";"";"60.467197";"22.292224";"Suomi";"3"
"Korois";"Biskopsgård";"";"60.466682";"22.291354";"Suomi";"1"
"Korpilaks, S:t Karin";"By";"";"60.462146";"22.293548";"Suomi";"1"
"Korpo";"";"";"60.162672";"21.562005";"Suomi";"1"
"Korsholm";"";"Mustasaari";"63.114115";"21.68222";"Suomi";"10"
"Koskis";"Socken";"Hämeenkoski";"61.022222";"25.154167";"Suomi";"1"
"Koskis, Vemo";"";"";"60.621827";"21.73238";"Suomi";"2"
"Koskis";"";"";"60.652148";"23.138361";"Suomi";"1"
"Kronoberg";"Biskopsgård";"";"56.94194";"14.794441";"Ruotsi";"1"
"Kuggböle, Saltvik";"";"";"60.271051";"20.034921";"Suomi";"1"
"Kumlinge";"";"";"60.259722";"20.779167";"Suomi";"1"
"Kumo";"Kyrka";"";"61.258005";"22.351982";"Suomi";"3"
"Kumo";"";"";"61.258344";"22.353935";"Suomi";"23"
"Kumogård, Kumo";"Gård";"";"61.266391";"22.318883";"Suomi";"12"
"Kundby, Rimbo";"";"";"59.73829";"18.386806";"Ruotsi";"1"
"Kuokkala, Lempäälä";"";"";"61.333876";"23.731706";"Suomi";"3"
"Kuorsalö";"";"";"60.461111";"27.391667";"Suomi";"1"
"Kurkela, Lundo";"";"";"60.520861";"22.436042";"Suomi";"1"
"Kustö";"Slott";"";"60.407776";"22.474758";"Suomi";"32"
"Kustö";"";"";"60.387112";"22.41031";"Suomi";"13"
"Kynnarby, Sjundeå";"";"";"60.161718";"24.236603";"Suomi";"1"
"Kynnysmäki, Masku";"";"";"60.542581";"22.036888";"Suomi";"1"
"Kyrkesund";"";"";"";"";"";"3"
"Kyrkslätt";"";"";"60.123493";"24.441296";"Suomi";"7"
"Kyrkäng, Pargas";"";"";"60.325047";"22.365762";"Suomi";"1"
"Hämeenkyrö";"";"Kyrö";"61.638889";"23.197222";"Suomi";"3"
"Käetty, Aura";"";"";"60.58993";"22.518737";"Suomi";"1"
"Königsberg";"";"Kaliningrad";"54.706376";"20.512036";"Venäjä";"1"
"Köpenhamn";"Slott";"";"55.67557";"12.579086";"Tanska";"20"
"Köpenhamn";"";"";"55.676097";"12.568337";"Tanska";"30"
"Köping";"";"";"59.512096";"15.99451";"Ruotsi";"1"
"Lagmansryd";"";"";"57.008921";"14.160307";"Ruotsi";"1"
"Lagunzberg";"";"Landsberga";"59.741516";"17.180513";"Ruotsi";"1"
"Laholm";"";"";"56.505756";"13.045605";"Ruotsi";"1"
"Lammais, Nakkila";"";"";"61.337641";"22.085927";"Suomi";"3"
"Lampis";"";"";"61.077539";"25.010983";"Suomi";"4"
"Lankila, Virmo";"";"";"60.67848";"21.988702";"Suomi";"2"
"Lappi";"";"";"61.101388";"21.844444";"Suomi";"1"
"Lappvesi";"";"";"61.063583";"28.263933";"Suomi";"3"
"Lateranen, Rom";"";"";"41.886646";"12.505744";"Italia";"21"
"Laukko, Vesilax";"Gård";"";"61.331667";"23.513333";"Suomi";"3"
"Lehijärvi, Hattula";"";"";"61.044737";"24.312165";"Suomi";"3"
"Leipzig";"";"";"51.339695";"12.373075";"Saksa";"2"
"Lemland";"";"";"60.067968";"20.10149";"Suomi";"2"
"Lempäälä";"";"";"61.314111";"23.752448";"Suomi";"1"
"Lepistö, Virmo";"";"";"60.686904";"21.96325";"Suomi";"1"
"Levojärvi, Borgå";"";"";"60.383478";"25.748589";"Suomi";"1"
"Lindholmen";"Slott";"";"55.496944";"13.298333";"Ruotsi";"1"
"Linköping";"";"";"58.410807";"15.621373";"Ruotsi";"18"
"Liuksiala, Kangasala";"";"";"61.441299";"24.043197";"Suomi";"1"
"Liuskallio, Virmo";"";"";"60.67696";"21.959956";"Suomi";"1"
"Lodi";"";"";"45.309723";"9.503716";"Italia";"1"
"Lojo";"Kyrka";"";"60.252922";"24.068007";"Suomi";"1"
"Lojo";"";"";"60.251176";"24.067471";"Suomi";"10"
"Lokalax";"";"";"60.681144";"21.465615";"Suomi";"1"
"Loukinainen, Lundo";"";"";"60.485194";"22.400815";"Suomi";"1"
"Lund";"Stift";"";"55.703837";"13.195268";"Ruotsi";"1"
"Lund";"";"";"55.70466";"13.191007";"Ruotsi";"5"
"Lundo";"";"";"60.503325";"22.459291";"Suomi";"3"
"Lundås, Edebo";"";"";"60.046745";"18.58862";"Ruotsi";"1"
"Lübeck";"";"";"53.865467";"10.686559";"Saksa";"42"
"Lyon";"";"";"45.764043";"4.835659";"Ranska";"11"
"Långbacka, S:t Marie";"";"";"60.458333";"22.230556";"Suomi";"5"
"Långholmen, Stockholm";"";"";"59.321045";"18.028053";"Ruotsi";"3"
"Lödöse";"";"";"58.032741";"12.156206";"Ruotsi";"10"
"Magliano Romano";"";"";"42.15";"12.433333";"Italia";"5"
"Malko, Letala";"";"";"60.908268";"21.766515";"Suomi";"1"
"Malmö";"";"";"55.604981";"13.003822";"Ruotsi";"2"
"Mariefred";"Kloster";"";"59.2583";"17.2246";"Ruotsi";"1"
"Marienburg";"Slott";"Malbork";"54.039722";"19.027778";"Puola";"8"
"Mariendal";"Kloster";"Pirita";"59.466539";"24.835994";"Viro";"3"
"Masku";"Kyrka";"";"60.564528";"22.098361";"Suomi";"1"
"Masku";"";"";"60.57081";"22.101407";"Suomi";"3"
"Matikkala, Vittis";"";"";"61.178554";"22.710787";"Suomi";"2"
"Metsäkylä";"";"";"";"";"Suomi";"1"
"Miemala, Vånå";"By";"";"60.956951";"24.497593";"Suomi";"1"
"Monikkala, Janakkala";"";"";"60.889067";"24.619916";"Suomi";"1"
"Mortorp";"";"";"56.589358";"16.086454";"Ruotsi";"1"
"Moskva";"";"";"55.755826";"37.6173";"Venäjä";"2"
"Mustiala, Tammela";"";"";"60.818388";"23.76981";"Suomi";"1"
"Muurla, Uskela";"";"";"60.349651";"23.279971";"Suomi";"3"
"Myttäälä, Pälkäne";"";"";"61.337862";"24.20664";"Suomi";"1"
"Mångstekta, Sund";"";"";"60.252882";"20.228719";"Suomi";"1"
"Mäenkylä, Virmo";"";"";"60.676684";"21.991692";"Suomi";"1"
"Mäskälä, Vånå";"";"";"61.001687";"24.554367";"Suomi";"3"
"Nakka";"";"";"60.670595";"21.577865";"Suomi";"1"
"Napoli";"";"";"40.851775";"14.268124";"Italia";"2"
"Narva";"";"";"59.37968";"28.179133";"Viro";"11"
"Nedre Sastamala";"";"Tyrvis";"61.341559";"22.909713";"Suomi";"1"
"Neghennor, Kiviloo";"Gård";"Fegefeuer";"59.285556";"25.251111";"Viro";"1"
"Neumühlen, Riga";"";"Nienmolen";"56.949678";"24.10516";"Latvia";"1"
"Nidaros";"Biskopsgård";"Trondheim";"63.429722";"10.393333";"Norja";"1"
"Nidaros";"";"Trondheim";"63.420956";"10.321571";"Norja";"1"
"Noor";"";"Norsholm";"58.505497";"15.967292";"Ruotsi";"1"
"Norrfinne";"Lagsaga";"";"61.003166";"22.289405";"Suomi";"1"
"Norrnäs";"";"";"";"";"Ruotsi";"1"
"Nousis";"";"";"60.598987";"22.082434";"Suomi";"2"
"Novgorod";"";"";"58.52557";"31.274193";"Venäjä";"12"
"Nummis, Nousis";"";"";"60.598987";"22.082434";"Suomi";"8"
"Nummis, S:t Karin";"By";"";"60.458333";"22.308333";"Suomi";"2"
"Nummis, S:t Karin";"Kyrka";"";"60.462138";"22.293555";"Suomi";"4"
"Nyby";"Socken";"S:t Mårtens";"60.584727";"22.900004";"Suomi";"2"
"Nygård, Västerhejde";"Gård";"";"57.600622";"18.22621";"Ruotsi";"1"
"Nykyrka";"";"Kaland";"60.819282";"21.559973";"Suomi";"3"
"Nyköbing";"Slott";"Nykøbing Falster";"54.771648";"11.86545";"Tanska";"1"
"Nyköbing";"";"Nykøbing Falster";"54.765422";"11.875492";"Tanska";"1"
"Nyköping";"Slott";"";"58.748867";"17.011051";"Ruotsi";"1"
"Nyköping";"";"";"58.752844";"17.009159";"Ruotsi";"9"
"Nyländska skären";"";"";"";"";"Suomi";"1"
"Nynäs, Nousis";"";"";"60.569385";"22.020849";"Suomi";"7"
"Nürnberg";"";"";"49.45203";"11.07675";"Saksa";"1"
"Nyslott";"Slott";"";"61.863889";"28.900833";"Suomi";"4"
"Ny-Varberg";"";"";"57.143056";"12.268056";"Ruotsi";"1"
"Nyystölä, Padasjoki";"";"";"61.329444";"25.302222";"Suomi";"2"
"Nådendal";"Kloster";"";"60.471111";"22.015278";"Suomi";"10"
"Nådendal";"";"";"60.466088";"22.025087";"Suomi";"124"
"Närdinghundra tingställe";"";"Gränsta";"59.904167";"18.254444";"Ruotsi";"1"
"Näsboholm";"";"Gripsholm";"59.256111";"17.219167";"Ruotsi";"1"
"Näsby";"";"";"59.166202";"15.271261";"Ruotsi";"1"
"Nässelsta";"";"";"59.082017";"17.004257";"Ruotsi";"1"
"Odense";"Kungsgård";"";"55.403756";"10.40237";"Tanska";"1"
"Odense";"";"";"55.403756";"10.40237";"Tanska";"2"
"Olsböle, Tenala";"By";"";"60.07836";"23.247536";"Suomi";"1"
"Oripää, Loimijoki";"";"";"60.856047";"22.697305";"Suomi";"2"
"Orjanhirsi, Kalvola";"";"";"61.094577";"24.129617";"Suomi";"1"
"Orvieto";"";"";"42.718507";"12.110745";"Italia";"5"
"Oslo";"";"";"59.913869";"10.752245";"Norja";"1"
"Ostra";"";"Olustrum";"59.433289";"16.600043";"Ruotsi";"1"
"Ostróda";"";"Osterode in Ostpreußen";"53.699994";"19.966662";"Puola";"1"
"Ovanåker, Saltvik";"";"";"60.27552";"20.061876";"Suomi";"1"
"Padasjoki";"";"";"61.350938";"25.278125";"Suomi";"2"
"Padis";"Kloster";"Padise";"59.227492";"24.140744";"Viro";"4"
"Padis";"";"Padise";"59.226991";"24.142805";"Viro";"2"
"Pahaniemi, Reso";"";"";"60.454301";"22.197001";"Suomi";"3"
"Paimala, Räntämäki";"";"";"60.515348";"22.344692";"Suomi";"1"
"Paltvuori, Tövsala";"";"";"60.592374";"21.623191";"Suomi";"1"
"Pargas";"";"";"60.301082";"22.302241";"Suomi";"1"
"Paris";"";"";"48.856614";"2.352222";"Ranska";"2"
"Pedersöre";"";"";"63.600693";"22.796909";"Suomi";"2"
"Pelleningken";"";"Sagorskoje";"54.742215";"21.963881";"Venäjä";"1"
"Pellinge, Borgå";"";"";"60.220534";"25.882078";"Suomi";"1"
"Pemar";"Kyrka";"";"60.459946";"22.675519";"Suomi";"1"
"Pemar";"";"";"60.456876";"22.687026";"Suomi";"6"
"Pensar, Korpo";"";"Lillpensor";"60.248491";"21.539944";"Suomi";"1"
"Pernå";"";"";"60.439046";"26.042285";"Suomi";"4"
"Persby, Sund";"";"";"60.24758";"20.184479";"Suomi";"1"
"Perugia";"";"Perusium";"43.110717";"12.390828";"Italia";"16"
"Petes, Nykyrko";"";"";"60.775208";"21.518457";"Suomi";"2"
"Pikis";"";"";"60.426333";"22.523234";"Suomi";"5"
"Pilto, Kumo";"Gård";"";"61.272596";"22.321435";"Suomi";"1"
"Pintiälä, Vånå";"";"";"61.005354";"24.475404";"Suomi";"2"
"Pisa";"";"";"43.722839";"10.401689";"Italia";"1"
"Poikko, Rimito";"";"";"60.414703";"21.899437";"Suomi";"5"
"Poikmetsä, Lampis";"";"";"61.003713";"25.013356";"Suomi";"1"
"Poitiers";"";"";"46.580224";"0.340375";"Ranska";"4"
"Pojo";"";"";"60.096226";"23.527517";"Suomi";"4"
"Polsu, Kjulo";"By";"";"61.124995";"22.336933";"Suomi";"3"
"Porras, Tammela";"";"";"60.75359";"23.909181";"Suomi";"2"
"Prästholm, Raseborg";"";"";"59.974695";"23.656289";"Suomi";"1"
"Pulkkila, Asikkala";"By";"";"61.23537";"25.486001";"Suomi";"1"
"Puotila, Vemo";"By";"";"60.676607";"21.556828";"Suomi";"5"
"Pursis, Virmo";"";"";"60.673948";"21.929005";"Suomi";"1"
"Putzig";"";"Puck";"54.717852";"18.408434";"Puola";"1"
"Pyttis";"";"";"60.492165";"26.543057";"Suomi";"6"
"Pälkäne";"";"";"61.337656";"24.269088";"Suomi";"6"
"Pärnu";"";"Pernau";"58.383333";"24.5";"Viro";"2"
"Rahvola, Eura";"By";"";"61.193803";"22.052376";"Suomi";"1"
"Raikku, Kangasala";"";"";"61.407904";"24.173125";"Suomi";"1"
"Rapola, Sääksmäki";"";"";"61.204114";"24.053331";"Suomi";"1"
"Raseborg";"Gård";"";"59.995574";"23.635131";"Suomi";"2"
"Raseborg";"Slott";"";"59.991667";"23.651111";"Suomi";"118"
"Raumo";"";"";"61.130885";"21.505926";"Suomi";"7"
"Rauna";"Slott";"Ronneburg";"57.330479";"25.61165";"Latvia";"1"
"Raunistula, Reso";"";"";"60.464089";"22.271018";"Suomi";"1"
"Ravea, Mietois";"";"";"60.665437";"21.872171";"Suomi";"2"
"Ravenna";"";"";"44.41836";"12.203529";"Italia";"1"
"Repola, Nousis";"";"";"60.626145";"22.067857";"Suomi";"1"
"Reso";"";"";"60.485906";"22.168957";"Suomi";"7"
"Rheinfelden";"";"";"47.554013";"7.79183";"Sveitsi";"2"
"Riala";"Socken";"";"59.630833";"18.519724";"Ruotsi";"1"
"Rieti";"";"Reate";"42.404425";"12.856718";"Italia";"5"
"Riga";"Slott";"";"56.950833";"24.101667";"Latvia";"1"
"Riga";"";"";"56.949649";"24.105186";"Latvia";"22"
"Rimito";"";"";"60.37347";"21.94697";"Suomi";"2"
"Ritvala, Sääksmäki";"";"";"61.184839";"24.145231";"Suomi";"2"
"Rodeke";"";"";"";"";"";"1"
"Rom";"";"";"41.902783";"12.496365";"Italia";"359"
"Roslagen";"";"";"60.344894";"18.448889";"Ruotsi";"1"
"Rostock";"";"";"54.092381";"12.099206";"Saksa";"5"
"Runa, Sagu";"Gård";"";"60.292726";"22.827003";"Suomi";"5"
"Runö";"";"Ruhnu";"57.8";"23.25";"Viro";"1"
"Rähälä, Lundo";"";"";"60.536347";"22.459111";"Suomi";"1"
"Räntämäki";"Kyrka";"S:t Marie";"60.473333";"22.293333";"Suomi";"2"
"Räntämäki";"";"";"60.475833";"22.305561";"Suomi";"2"
"Räpälä, Pemar";"";"";"60.456876";"22.687026";"Suomi";"3"
"Rönö";"Gård";"";"58.4508";"16.7432";"Ruotsi";"3"
"S:t Karin";"Socken";"";"60.462146";"22.293548";"Suomi";"2"
"S:t Karin";"";"";"60.462146";"22.293548";"Suomi";"2"
"S:t Marie";"";"";"60.474525";"22.295613";"Suomi";"1"
"S:t Mårtens";"Socken";"";"60.584722";"22.9";"Suomi";"1"
"Saaris";"";"Saarioinen";"61.145421";"24.032944";"Suomi";"2"
"Sagersta, Askersund";"";"";"58.9";"14.849997";"Ruotsi";"1"
"Sagu";"";"";"60.343472";"22.695366";"Suomi";"3"
"Saltvik";"Kyrka";"";"60.275278";"20.051389";"Suomi";"1"
"Saltvik";"";"";"60.275525";"20.061919";"Suomi";"6"
"Sampu, Vittis";"";"";"61.201516";"22.701395";"Suomi";"4"
"Sandhamn, Helsinge";"";"";"60.148211";"25.044626";"Suomi";"4"
"Sannais, Tövsala";"";"";"60.602542";"21.561657";"Suomi";"1"
"Sannäs, Karis";"";"";"60.105909";"23.742782";"Suomi";"1"
"Sastamala";"";"";"61.341559";"22.909713";"Suomi";"2"
"Sauvala, Lundo";"";"";"60.493369";"22.377934";"Suomi";"1"
"Schwerin";"";"";"53.635502";"11.40125";"Saksa";"1"
"Segeberg";"";"";"53.919999";"10.139999";"Saksa";"1"
"Segeberg";"";"";"53.935513";"10.316317";"Saksa";"1"
"Sibbo";"";"";"60.376754";"25.268977";"Suomi";"2"
"Sibby, Sund";"";"";"60.257048";"20.192526";"Suomi";"1"
"Siena";"";"";"43.318809";"11.330757";"Italia";"9"
"Siggby, Tenala";"";"";"60.063551";"23.333683";"Suomi";"1"
"Sigtuna";"";"";"59.619146";"17.723419";"Ruotsi";"6"
"Sikois, Birkala";"";"";"61.457877";"23.578841";"Suomi";"2"
"Sjundeå";"";"";"60.138582";"24.226987";"Suomi";"13"
"Skara";"";"";"58.386013";"13.439328";"Ruotsi";"2"
"Skeppet Ugglan";"";"";"";"";"";"1"
"Skinnars, Sjundeå";"";"";"60.195836";"24.229213";"Suomi";"1"
"Skokloster";"";"";"59.692819";"17.606267";"Ruotsi";"1"
"Skällvik";"";"";"58.432201";"16.590192";"Ruotsi";"2"
"Skänninge";"";"";"58.395438";"15.086216";"Ruotsi";"4"
"Skövde";"";"";"58.390278";"13.846121";"Ruotsi";"2"
"Solberga";"Gård";"";"";"";"Ruotsi";"1"
"Soneburg, Ösel";"Slott";"Maasilinn";"58.575917";"23.036778";"Viro";"1"
"Sonnäs, Ulvsby";"";"";"61.483183";"21.900196";"Suomi";"1"
"Sonröda, Saltvik";"";"";"60.276534";"20.116899";"Suomi";"1"
"Sorkkis, Eura";"";"";"61.141954";"22.118899";"Suomi";"2"
"Sorö";"";"Sorø";"55.442645";"11.560937";"Tanska";"1"
"Sotjala, Hauho";"";"";"61.171974";"24.657913";"Suomi";"1"
"Spetalsund, Föglö";"";"";"60.032324";"20.38248";"Suomi";"1"
"Spurila, Pemar";"";"";"60.465605";"22.708811";"Suomi";"2"
"Spånga";"Kyrka";"";"59.391667";"17.911667";"Ruotsi";"1"
"Stegeborg";"Slott";"";"58.441667";"16.598333";"Ruotsi";"4"
"Stenberga, Masku";"";"";"60.534827";"22.00528";"Suomi";"1"
"Stockholm";"Slott";"";"59.326822";"18.071719";"Ruotsi";"89"
"Stockholm";"";"";"59.329324";"18.068581";"Ruotsi";"599"
"Stralsund";"";"";"54.309065";"13.077035";"Saksa";"7"
"Strängnäs";"";"";"59.377452";"17.032119";"Ruotsi";"21"
"Sund";"Kyrka";"";"60.249316";"20.113623";"Suomi";"5"
"Sund";"Socken";"";"60.250491";"20.112776";"Suomi";"4"
"Sundby";"";"";"";"";"Ruotsi";"1"
"Svanvik";"";"";"";"";"Ruotsi";"1"
"Svartsjö";"Slott";"";"59.362648";"17.727789";"Ruotsi";"6"
"Svedja, Tenala";"";"";"60.045913";"23.292598";"Suomi";"2"
"Svidja, Sjundeå";"";"";"60.189648";"24.196329";"Suomi";"1"
"Syrjäntaka, Tulois";"";"";"61.116229";"24.831606";"Suomi";"1"
"Säckestad";"Gård";"";"58.651409";"13.959038";"Ruotsi";"1"
"Säkkijärvi";"";"Kondratjevo";"60.631851";"28.167386";"Suomi";"1"
"Säkylä";"";"";"61.054264";"22.335348";"Suomi";"1"
"Säkäjärvi, Vederlax";"";"";"60.622247";"27.631495";"Suomi";"1"
"Särkilax, Tövsala";"";"";"60.414885";"22.191826";"Suomi";"1"
"Sääksmäki";"";"";"61.200505";"24.0711";"Suomi";"3"
"Sääminki";"";"";"61.877345";"28.957471";"Suomi";"1"
"Söderby, Munsö";"";"";"59.386277";"17.575018";"Ruotsi";"1"
"Söderköping";"";"";"58.475901";"16.323431";"Ruotsi";"15"
"Södertälje";"";"Tälje";"59.195363";"17.625688";"Ruotsi";"22"
"Södertälje";"";"";"59.195363";"17.625689";"Ruotsi";"1"
"Sölvesborg";"Slott";"";"56.055811";"14.594797";"Ruotsi";"1"
"Sörby";"Säteri";"";"58.383577";"15.965941";"Ruotsi";"1"
"Tallinn";"Slott";"Reval";"59.43577";"24.737373";"Viro";"1"
"Tallinn";"";"Reval";"59.437346";"24.745124";"Viro";"196"
"Tapala, Koskis";"";"";"60.635103";"23.156142";"Suomi";"1"
"Tarquinia";"";"Corneto";"42.249167";"11.756111";"Italia";"1"
"Tarttila, Sääksmäki";"By";"";"61.156474";"24.001135";"Suomi";"2"
"Tartu";"";"Dorpat";"58.377625";"26.729006";"Viro";"5"
"Tausti, Pälkäne";"";"";"61.353183";"24.225279";"Suomi";"1"
"Taustiala, Sahalax";"";"";"61.456305";"24.376768";"Suomi";"1"
"Tavastehus";"Slott";"";"61.003592";"24.459591";"Suomi";"25"
"Tavastehus";"";"";"60.996578";"24.464903";"Suomi";"18"
"Tenala";"Tingsstället";"";"60.058611";"23.298333";"Suomi";"1"
"Tenala";"";"";"60.058456";"23.298216";"Suomi";"10"
"Tennilä";"";"";"60.956553";"25.347009";"Suomi";"2"
"Tervik, Pernå";"";"";"60.45868";"25.947575";"Suomi";"1"
"Thorn";"";"Toruń";"53.01379";"18.598444";"Puola";"2"
"Tiihala, Kangasala";"";"";"61.430349";"24.101906";"Suomi";"3"
"Tirmula, Lampis";"";"";"61.076108";"25.013379";"Suomi";"1"
"Tivoli";"";"";"41.959817";"12.802226";"Italia";"1"
"Tjudö, Finström";"";"";"60.33242";"19.94962";"Suomi";"1"
"Tolkby, Helsinge";"";"";"60.278588";"24.92796";"Suomi";"1"
"Torlax, Nykyrka";"";"";"60.891447";"21.447462";"Suomi";"1"
"Torneå";"";"";"65.844493";"24.152725";"Suomi";"3"
"Touppa, Tövsala";"";"";"60.598055";"21.655739";"Suomi";"2"
"Trelleborg";"";"";"55.376243";"13.157423";"Ruotsi";"1"
"Tuna";"Socken";"Stora Tuna";"60.451944";"15.475278";"Ruotsi";"1"
"Tuna";"Biskopsgård";"";"59.467346";"18.295193";"Ruotsi";"1"
"Turenki, Janakkala";"";"";"60.920089";"24.646005";"Suomi";"3"
"Tusculum";"";"";"41.798332";"12.710832";"Italia";"5"
"Tykö, Bjärnå";"";"";"60.253889";"22.956944";"Suomi";"1"
"Tyrvis, Nedre Sastamala";"By";"";"61.326078";"22.857842";"Suomi";"2"
"Tärnö";"";"";"58.875";"16.746667";"Ruotsi";"1"
"Tövsala";"";"";"60.5625";"21.609722";"Suomi";"6"
"Ulvsby";"";"";"61.429167";"21.875";"Suomi";"7"
"Ulvsön";"";"";"63.279968";"22.261339";"Suomi";"1"
"Uppsala";"";"Östra Aros";"59.858333";"17.65";"Ruotsi";"3"
"Uppsala";"";"";"59.858564";"17.638927";"Ruotsi";"85"
"Uskela";"";"";"61.634311";"23.21157";"Suomi";"3"
"Vad";"Kyrka";"";"58.579331";"14.0054";"Ruotsi";"1"
"Vadstena";"Kloster";"";"58.450805";"14.891354";"Ruotsi";"14"
"Vadstena";"";"";"58.447602";"14.890234";"Ruotsi";"32"
"Valaskallio, Virmo";"";"";"60.647733";"21.872415";"Suomi";"2"
"Valby";"";"";"";"";"Ruotsi";"1"
"Walk";"";"Valga";"57.777108";"26.031509";"Viro";"3"
"Valko, Letala";"";"";"60.920301";"21.700883";"Suomi";"1"
"Valmiera";"";"Wolmar";"57.538539";"25.425779";"Latvia";"6"
"Varberg";"";"";"57.105891";"12.239923";"Ruotsi";"5"
"Warnemünde";"";"";"54.170342";"12.078444";"Saksa";"1"
"Varnhem";"Kloster";"";"58.3843";"13.6542";"Ruotsi";"1"
"Wave";"";"";"";"";"Viro";"1"
"Veckelax";"";"";"60.573879";"27.141304";"Suomi";"3"
"Vejby, Lojo";"";"";"60.241381";"24.117734";"Suomi";"2"
"Vemo";"";"";"60.682143";"21.705239";"Suomi";"8"
"Vesilax";"";"";"61.309722";"23.616667";"Suomi";"5"
"Viborg";"Slott";"";"60.715701";"28.728733";"Suomi";"13"
"Viborg";"";"";"60.713953";"28.757157";"Suomi";"298"
"Vichtis";"";"";"60.416573";"24.325638";"Suomi";"1"
"Viitaila, Asikkala";"";"";"61.143435";"25.351877";"Suomi";"1"
"Vik";"Slott";"";"59.736185";"17.461751";"Ruotsi";"1"
"Viljandi";"";"Fellin";"58.367135";"25.597428";"Viro";"2"
"Villeneuve-lès-Avignon";"";"";"43.967222";"4.796667";"Ranska";"13"
"Villilä, Masku";"";"";"60.549495";"22.082205";"Suomi";"3"
"Villilä, Nakkila";"";"";"61.361494";"22.000845";"Suomi";"2"
"Villiö, Kumo";"";"";"61.263587";"22.329831";"Suomi";"1"
"Vinkkilä, Vemo";"";"";"60.685818";"21.713427";"Suomi";"3"
"Virmo";"";"";"60.67848";"21.988702";"Suomi";"9"
"Visborg";"Slott";"";"57.635417";"18.286111";"Ruotsi";"5"
"Visby";"";"";"57.6348";"18.29484";"Ruotsi";"10"
"Visingsö";"";"";"57.998056";"14.291111";"Ruotsi";"1"
"Wismar";"";"";"53.897942";"11.451602";"Saksa";"1"
"Vista, Pemar";"";"";"60.455103";"22.691419";"Suomi";"1"
"Viterbo";"";"";"42.420677";"12.107669";"Italia";"8"
"Wittenberg";"";"";"51.873983";"12.627966";"Saksa";"1"
"Vittis";"";"";"61.176389";"22.698611";"Suomi";"8"
"Voipaala, Sääksmäki";"";"";"61.203927";"24.062985";"Suomi";"2"
"Voipala, Sysmä";"";"";"61.487081";"25.626896";"Suomi";"1"
"Voistio, Hollola";"";"";"60.945767";"25.330475";"Suomi";"1"
"Vordingborg";"Slott";"";"55.006528";"11.911684";"Tanska";"7"
"Vuoltee, Ackas";"";"";"61.178234";"23.735584";"Suomi";"1"
"Vuoltee, Kumo";"Gård";"";"61.261519";"22.341803";"Suomi";"1"
"Vånå";"Gård";"";"60.983235";"24.500054";"Suomi";"1"
"Vånå";"";"";"60.978861";"24.503791";"Suomi";"3"
"Vårdö";"";"";"60.242387";"20.373326";"Suomi";"1"
"Vårfruberga, Fogdö";"Kloster";"Frauenberg";"59.438611";"16.937222";"Ruotsi";"1"
"Vä";"";"";"55.997222";"14.087778";"Ruotsi";"1"
"Väddö, Roslagen";"";"";"59.98781";"18.810396";"Ruotsi";"1"
"Västbo";"Härad";"";"57.171908";"13.428033";"Ruotsi";"1"
"Västerås";"Kloster";"";"59.608611";"16.547333";"Ruotsi";"1"
"Västerås";"Slott";"";"59.606389";"16.544444";"Ruotsi";"3"
"Västerås";"";"";"59.609901";"16.544809";"Ruotsi";"12"
"Växjö";"";"";"56.878333";"14.809167";"Ruotsi";"4"
"Vörå";"";"";"63.128501";"22.250529";"Suomi";"1"
"Yläne";"";"";"60.87967";"22.40936";"Suomi";"1"
"Yninge";"";"";"";"";"Ruotsi";"1"
"Åbo";"Kyrka";"";"60.4525";"22.278333";"Suomi";"2"
"Åbo";"Slott";"";"60.435344";"22.228699";"Suomi";"84"
"Åbo";"Stift";"";"60.450666";"22.27577";"Suomi";"1"
"Åbo";"";"";"60.450666";"22.27577";"Suomi";"728"
"Åby";"Kyrka";"";"56.781111";"16.287222";"Ruotsi";"1"
"Åby";"";"";"56.780833";"16.287222";"Ruotsi";"1"
"Åkarp, Skåne";"Läger";"";"55.483889";"13.051111";"Ruotsi";"1"
"Åland";"";"";"60.223782";"19.937488";"Suomi";"2"
"Åminne, Halikko";"";"";"60.384167";"23.086667";"Suomi";"4"
"Åsunda";"Härad";"";"59.642986";"17.005445";"Ruotsi";"2"
"Älghorn";"";"Färingsö";"59.407906";"17.73574";"Ruotsi";"2"
"Ängsö";"";"";"59.533056";"16.855278";"Ruotsi";"2"
"Äyräpää";"Kyrka";"Muolaa";"60.554233";"29.567126";"Suomi";"1"
"Äyräpää";"";"Muolaa";"60.554233";"29.567126";"Suomi";"1"
"Ödkarby, Saltvik";"";"";"60.309051";"19.980015";"Suomi";"1"
"Önningby";"";"";"60.118506";"20.02382";"Suomi";"1"
"Örebro";"Slott";"";"59.273972";"15.215251";"Ruotsi";"2"
"Örebro";"";"";"59.275263";"15.213411";"Ruotsi";"11"
"Örehamn";"";"Grankullavik";"57.336111";"17.094444";"Ruotsi";"1"
"Tammela";"Kyrka";"";"60.808333";"23.7625";"Suomi";"1"
"Tulois";"Socken";"";"61.116667";"24.831944";"Suomi";"1"
"Vittis";"Kyrka";"";"61.180639";"22.692833";"Suomi";"1"
"Elimä";"Socken";"";"60.720833";"26.451389";"Suomi";"1"
"Palho, Vesilax";"By";"";"61.368058";"23.469888";"Suomi";"1"